,all_awardings,approved_at_utc,approved_by,archived,associated_award,author,author_flair_background_color,author_flair_css_class,author_flair_richtext,author_flair_template_id,author_flair_text,author_flair_text_color,author_flair_type,author_fullname,author_is_blocked,author_patreon_flair,author_premium,awarders,banned_at_utc,banned_by,body,body_html,can_gild,can_mod_post,collapsed,collapsed_because_crowd_control,collapsed_reason,collapsed_reason_code,comment_type,controversiality,created,created_utc,depth,distinguished,downs,edited,gilded,gildings,id,is_submitter,likes,link_id,locked,mod_note,mod_reason_by,mod_reason_title,mod_reports,name,no_follow,num_reports,parent_id,permalink,removal_reason,replies,report_reasons,saved,score,score_hidden,send_replies,stickied,subreddit,subreddit_id,subreddit_name_prefixed,subreddit_type,top_awarded_type,total_awards_received,treatment_tags,unrepliable_reason,ups,user_reports,kind
data,[],,,False,,tpolakov1,,mat,[],7f4501c6-c6b2-11e4-bd93-22000b6d02ed,Condensed matter physics,dark,text,t2_4no6lqg4,False,False,False,[],,,"[Cosmological horizons](https://en.wikipedia.org/wiki/Cosmological_horizon) is the term you're looking for. Specifically the particle horizon is what you're looking for, I think.","&lt;div class=""md""&gt;&lt;p&gt;&lt;a href=""https://en.wikipedia.org/wiki/Cosmological_horizon""&gt;Cosmological horizons&lt;/a&gt; is the term you&amp;#39;re looking for. Specifically the particle horizon is what you&amp;#39;re looking for, I think.&lt;/p&gt;
&lt;/div&gt;",False,False,False,,,,,0,1714076773.0,1714076773.0,0,,0,False,0,{},l18znui,False,,t3_1cd1hxh,False,,,,[],t1_l18znui,False,,t3_1cd1hxh,/r/AskPhysics/comments/1cd1hxh/assuming_that_the_universes_expansion_speeds_up/l18znui/,,"{'kind': 'Listing', 'data': {'after': None, 'dist': None, 'modhash': None, 'geo_filter': '', 'children': [{'kind': 't1', 'data': {'subreddit_id': 't5_2sumo', 'approved_at_utc': None, 'author_is_blocked': False, 'comment_type': None, 'awarders': [], 'mod_reason_by': None, 'banned_by': None, 'author_flair_type': 'text', 'total_awards_received': 0, 'subreddit': 'AskPhysics', 'author_flair_template_id': '73485a1c-c6b2-11e4-b026-22000b698517', 'likes': None, 'replies': {'kind': 'Listing', 'data': {'after': None, 'dist': None, 'modhash': None, 'geo_filter': '', 'children': [{'kind': 't1', 'data': {'subreddit_id': 't5_2sumo', 'approved_at_utc': None, 'author_is_blocked': False, 'comment_type': None, 'awarders': [], 'mod_reason_by': None, 'banned_by': None, 'author_flair_type': 'text', 'total_awards_received': 0, 'subreddit': 'AskPhysics', 'author_flair_template_id': '7f4501c6-c6b2-11e4-bd93-22000b6d02ed', 'likes': None, 'replies': '', 'user_reports': [], 'saved': False, 'id': 'l19nys7', 'banned_at_utc': None, 'mod_reason_title': None, 'gilded': 0, 'archived': False, 'collapsed_reason_code': None, 'no_follow': True, 'author': 'tpolakov1', 'can_mod_post': False, 'send_replies': True, 'parent_id': 't1_l1982m0', 'score': 1, 'author_fullname': 't2_4no6lqg4', 'removal_reason': None, 'approved_by': None, 'mod_note': None, 'all_awardings': [], 'body': ""Yeah, it wasn't clear from OPs post which one they're thinking of and the linked article is blocked where I'm right now, so I had to guess."", 'edited': False, 'top_awarded_type': None, 'downs': 0, 'author_flair_css_class': 'mat', 'name': 't1_l19nys7', 'is_submitter': False, 'collapsed': False, 'author_flair_richtext': [], 'author_patreon_flair': False, 'body_html': '&lt;div class=""md""&gt;&lt;p&gt;Yeah, it wasn&amp;#39;t clear from OPs post which one they&amp;#39;re thinking of and the linked article is blocked where I&amp;#39;m right now, so I had to guess.&lt;/p&gt;\n&lt;/div&gt;', 'gildings': {}, 'collapsed_reason': None, 'distinguished': None, 'associated_award': None, 'stickied': False, 'author_premium': False, 'can_gild': False, 'link_id': 't3_1cd1hxh', 'unrepliable_reason': None, 'author_flair_text_color': 'dark', 'score_hidden': False, 'permalink': '/r/AskPhysics/comments/1cd1hxh/assuming_that_the_universes_expansion_speeds_up/l19nys7/', 'subreddit_type': 'public', 'locked': False, 'report_reasons': None, 'created': 1714085859.0, 'author_flair_text': 'Condensed matter physics', 'treatment_tags': [], 'created_utc': 1714085859.0, 'subreddit_name_prefixed': 'r/AskPhysics', 'controversiality': 0, 'depth': 2, 'author_flair_background_color': None, 'collapsed_because_crowd_control': None, 'mod_reports': [], 'num_reports': None, 'ups': 1}}], 'before': None}}, 'user_reports': [], 'saved': False, 'id': 'l1982m0', 'banned_at_utc': None, 'mod_reason_title': None, 'gilded': 0, 'archived': False, 'collapsed_reason_code': None, 'no_follow': True, 'author': 'nivlark', 'can_mod_post': False, 'created_utc': 1714079620.0, 'send_replies': True, 'parent_id': 't1_l18znui', 'score': 3, 'author_fullname': 't2_7k3gl', 'removal_reason': None, 'approved_by': None, 'mod_note': None, 'all_awardings': [], 'body': ""It's the event horizon. The particle horizon is the greatest distance something that started travelling in the past can have reached you from, so it corresponds to the size of the present-day observable universe."", 'edited': False, 'top_awarded_type': None, 'author_flair_css_class': 'astro', 'name': 't1_l1982m0', 'is_submitter': False, 'downs': 0, 'author_flair_richtext': [], 'author_patreon_flair': False, 'body_html': '&lt;div class=""md""&gt;&lt;p&gt;It&amp;#39;s the event horizon. The particle horizon is the greatest distance something that started travelling in the past can have reached you from, so it corresponds to the size of the present-day observable universe.&lt;/p&gt;\n&lt;/div&gt;', 'gildings': {}, 'collapsed_reason': None, 'distinguished': None, 'associated_award': None, 'stickied': False, 'author_premium': False, 'can_gild': False, 'link_id': 't3_1cd1hxh', 'unrepliable_reason': None, 'author_flair_text_color': 'dark', 'score_hidden': False, 'permalink': '/r/AskPhysics/comments/1cd1hxh/assuming_that_the_universes_expansion_speeds_up/l1982m0/', 'subreddit_type': 'public', 'locked': False, 'report_reasons': None, 'created': 1714079620.0, 'author_flair_text': 'Astrophysics', 'treatment_tags': [], 'collapsed': False, 'subreddit_name_prefixed': 'r/AskPhysics', 'controversiality': 0, 'depth': 1, 'author_flair_background_color': None, 'collapsed_because_crowd_control': None, 'mod_reports': [], 'num_reports': None, 'ups': 3}}], 'before': None}}",,False,5,False,True,False,AskPhysics,t5_2sumo,r/AskPhysics,public,,0,[],,5,[],t1
data_1,[],,,False,,Anonymous-USA,,,[],,,,text,t2_7h3ccwl3,False,False,False,[],,,"Yes, the Cosmic Event Horizon is based on the Hubble *Parameter*, not the Hubble Constant.  If the universe continued to expand only at the current Hubble Constant rate (~67 kps/Mpc) that’s called the Hubble Sphere and is about 14B ly out.  But expansion will, over time, converge closer to 45-54 kps/Mpc.  So the Cosmic Event Horizon where light will eventually catch up to a future observer is ~18B ly out.  So it accounts for a changing Hubble Constant.  

And it’s easy to estimate without integrating over time: just take the lightspeed (300,000 kps) and divide by the future convergence (50 kps/Mpc) and you get ~6,000 Mpc.  Multiply that by 3.26 light years per parsec and you get ~19.5B ly.  That’s within the margin of error of the expected future Hubble Parameter.

(Note: expansion between observable objects is accelerating because the observable sphere is further out over time.  By all current measurements the universe will *always* accelerate.  But the *rate of acceleration* is converging lower, to ~45-54 kps/Mpc.  It’s converging at a lower rate *per megaparsec* because the mass-energy density is approaching zero, so only dark energy will be driving expansion in a bout 10B yrs)

(Note: these cosmic horizons assume a flat space, which is a reasonable assumption consistent with current measurements)

(Note: these cosmic horizons assume a constant *dark energy* which some propose may not be constant.  There is ongoing research, but should dark energy disappear, then expansion would halt and there would no longer be horizons.  It’s difficult to extrapolate 10^106 yrs out based on observing only the first 1.38x10^10 yrs)","&lt;div class=""md""&gt;&lt;p&gt;Yes, the Cosmic Event Horizon is based on the Hubble &lt;em&gt;Parameter&lt;/em&gt;, not the Hubble Constant.  If the universe continued to expand only at the current Hubble Constant rate (~67 kps/Mpc) that’s called the Hubble Sphere and is about 14B ly out.  But expansion will, over time, converge closer to 45-54 kps/Mpc.  So the Cosmic Event Horizon where light will eventually catch up to a future observer is ~18B ly out.  So it accounts for a changing Hubble Constant.  &lt;/p&gt;

&lt;p&gt;And it’s easy to estimate without integrating over time: just take the lightspeed (300,000 kps) and divide by the future convergence (50 kps/Mpc) and you get ~6,000 Mpc.  Multiply that by 3.26 light years per parsec and you get ~19.5B ly.  That’s within the margin of error of the expected future Hubble Parameter.&lt;/p&gt;

&lt;p&gt;(Note: expansion between observable objects is accelerating because the observable sphere is further out over time.  By all current measurements the universe will &lt;em&gt;always&lt;/em&gt; accelerate.  But the &lt;em&gt;rate of acceleration&lt;/em&gt; is converging lower, to ~45-54 kps/Mpc.  It’s converging at a lower rate &lt;em&gt;per megaparsec&lt;/em&gt; because the mass-energy density is approaching zero, so only dark energy will be driving expansion in a bout 10B yrs)&lt;/p&gt;

&lt;p&gt;(Note: these cosmic horizons assume a flat space, which is a reasonable assumption consistent with current measurements)&lt;/p&gt;

&lt;p&gt;(Note: these cosmic horizons assume a constant &lt;em&gt;dark energy&lt;/em&gt; which some propose may not be constant.  There is ongoing research, but should dark energy disappear, then expansion would halt and there would no longer be horizons.  It’s difficult to extrapolate 10&lt;sup&gt;106&lt;/sup&gt; yrs out based on observing only the first 1.38x10&lt;sup&gt;10&lt;/sup&gt; yrs)&lt;/p&gt;
&lt;/div&gt;",False,False,False,,,,,0,1714077924.0,1714077924.0,0,,0,1714078977.0,0,{},l1933vi,False,,t3_1cd1hxh,False,,,,[],t1_l1933vi,True,,t3_1cd1hxh,/r/AskPhysics/comments/1cd1hxh/assuming_that_the_universes_expansion_speeds_up/l1933vi/,,"{'kind': 'Listing', 'data': {'after': None, 'dist': None, 'modhash': None, 'geo_filter': '', 'children': [{'kind': 't1', 'data': {'subreddit_id': 't5_2sumo', 'approved_at_utc': None, 'author_is_blocked': False, 'comment_type': None, 'awarders': [], 'mod_reason_by': None, 'banned_by': None, 'author_flair_type': 'text', 'total_awards_received': 0, 'subreddit': 'AskPhysics', 'author_flair_template_id': None, 'likes': None, 'replies': {'kind': 'Listing', 'data': {'after': None, 'dist': None, 'modhash': None, 'geo_filter': '', 'children': [{'kind': 't1', 'data': {'subreddit_id': 't5_2sumo', 'approved_at_utc': None, 'author_is_blocked': False, 'comment_type': None, 'awarders': [], 'mod_reason_by': None, 'banned_by': None, 'author_flair_type': 'text', 'total_awards_received': 0, 'subreddit': 'AskPhysics', 'author_flair_template_id': None, 'likes': None, 'replies': '', 'user_reports': [], 'saved': False, 'id': 'l1b8079', 'banned_at_utc': None, 'mod_reason_title': None, 'gilded': 0, 'archived': False, 'collapsed_reason_code': None, 'no_follow': True, 'author': 'Anonymous-USA', 'can_mod_post': False, 'send_replies': True, 'parent_id': 't1_l1b17qz', 'score': 1, 'author_fullname': 't2_7h3ccwl3', 'removal_reason': None, 'approved_by': None, 'mod_note': None, 'all_awardings': [], 'body': 'Itself.  Just more.  We have no knowledge of higher dimensions or space beyond space.  The expanding balloon analogy is just that — an analogy (where our spacetime is reduced to the surface of the expanding balloon).  Don’t take it literally.  Analogies break down beyond the one concept it explains.', 'edited': False, 'top_awarded_type': None, 'downs': 0, 'author_flair_css_class': None, 'name': 't1_l1b8079', 'is_submitter': False, 'collapsed': False, 'author_flair_richtext': [], 'author_patreon_flair': False, 'body_html': '&lt;div class=""md""&gt;&lt;p&gt;Itself.  Just more.  We have no knowledge of higher dimensions or space beyond space.  The expanding balloon analogy is just that — an analogy (where our spacetime is reduced to the surface of the expanding balloon).  Don’t take it literally.  Analogies break down beyond the one concept it explains.&lt;/p&gt;\n&lt;/div&gt;', 'gildings': {}, 'collapsed_reason': None, 'distinguished': None, 'associated_award': None, 'stickied': False, 'author_premium': False, 'can_gild': False, 'link_id': 't3_1cd1hxh', 'unrepliable_reason': None, 'author_flair_text_color': None, 'score_hidden': False, 'permalink': '/r/AskPhysics/comments/1cd1hxh/assuming_that_the_universes_expansion_speeds_up/l1b8079/', 'subreddit_type': 'public', 'locked': False, 'report_reasons': None, 'created': 1714109395.0, 'author_flair_text': None, 'treatment_tags': [], 'created_utc': 1714109395.0, 'subreddit_name_prefixed': 'r/AskPhysics', 'controversiality': 0, 'depth': 2, 'author_flair_background_color': None, 'collapsed_because_crowd_control': None, 'mod_reports': [], 'num_reports': None, 'ups': 1}}], 'before': None}}, 'user_reports': [], 'saved': False, 'id': 'l1b17qz', 'banned_at_utc': None, 'mod_reason_title': None, 'gilded': 0, 'archived': False, 'collapsed_reason_code': None, 'no_follow': True, 'author': 'Available_Surround_2', 'can_mod_post': False, 'created_utc': 1714105632.0, 'send_replies': True, 'parent_id': 't1_l1933vi', 'score': 1, 'author_fullname': 't2_83iwigep', 'removal_reason': None, 'approved_by': None, 'mod_note': None, 'all_awardings': [], 'body': 'What is the universe expanding into? What is this cosmic spillover and growth filling?\xa0', 'edited': False, 'top_awarded_type': None, 'author_flair_css_class': None, 'name': 't1_l1b17qz', 'is_submitter': False, 'downs': 0, 'author_flair_richtext': [], 'author_patreon_flair': False, 'body_html': '&lt;div class=""md""&gt;&lt;p&gt;What is the universe expanding into? What is this cosmic spillover and growth filling?\xa0&lt;/p&gt;\n&lt;/div&gt;', 'gildings': {}, 'collapsed_reason': None, 'distinguished': None, 'associated_award': None, 'stickied': False, 'author_premium': False, 'can_gild': False, 'link_id': 't3_1cd1hxh', 'unrepliable_reason': None, 'author_flair_text_color': None, 'score_hidden': False, 'permalink': '/r/AskPhysics/comments/1cd1hxh/assuming_that_the_universes_expansion_speeds_up/l1b17qz/', 'subreddit_type': 'public', 'locked': False, 'report_reasons': None, 'created': 1714105632.0, 'author_flair_text': None, 'treatment_tags': [], 'collapsed': False, 'subreddit_name_prefixed': 'r/AskPhysics', 'controversiality': 0, 'depth': 1, 'author_flair_background_color': None, 'collapsed_because_crowd_control': None, 'mod_reports': [], 'num_reports': None, 'ups': 1}}], 'before': None}}",,False,2,False,True,False,AskPhysics,t5_2sumo,r/AskPhysics,public,,0,[],,2,[],t1
