,all_awardings,allow_live_comments,approved_at_utc,approved_by,archived,author,author_flair_background_color,author_flair_css_class,author_flair_richtext,author_flair_template_id,author_flair_text,author_flair_text_color,author_flair_type,author_fullname,author_is_blocked,author_patreon_flair,author_premium,awarders,banned_at_utc,banned_by,can_gild,can_mod_post,category,clicked,content_categories,contest_mode,created,created_utc,discussion_type,distinguished,domain,downs,edited,gilded,gildings,hidden,hide_score,id,is_created_from_ads_ui,is_crosspostable,is_meta,is_original_content,is_reddit_media_domain,is_robot_indexable,is_self,is_video,likes,link_flair_background_color,link_flair_css_class,link_flair_richtext,link_flair_text,link_flair_text_color,link_flair_type,locked,media,media_embed,media_only,mod_note,mod_reason_by,mod_reason_title,mod_reports,name,no_follow,num_comments,num_crossposts,num_reports,over_18,parent_whitelist_status,permalink,pinned,pwls,quarantine,removal_reason,removed_by,removed_by_category,report_reasons,saved,score,secure_media,secure_media_embed,selftext,selftext_html,send_replies,spoiler,stickied,subreddit,subreddit_id,subreddit_name_prefixed,subreddit_subscribers,subreddit_type,suggested_sort,thumbnail,title,top_awarded_type,total_awards_received,treatment_tags,ups,upvote_ratio,url,user_reports,view_count,visited,whitelist_status,wls,kind
data,[],False,,,False,ahingzdilan,,,[],,,,text,t2_9ysmplfv,False,False,False,[],,,False,False,,False,,False,1714139435.0,1714139435.0,,,self.AskPhysics,0,False,0,{},False,False,1cdlxli,False,True,False,False,False,True,True,False,,,,[],,dark,text,False,,{},False,,,,[],t3_1cdlxli,True,7,0,,False,all_ads,/r/AskPhysics/comments/1cdlxli/looking_for_partner/,False,6,False,,,,,False,0,,{}," i’ve some theories which i currently am working on. they’re about astro-physics and quantum mechanics.
i want to implement my projects, but i don’t have enough knowledge for it, or to explain (to present). im writing the practical parts directly on the way of theoretical. they all are just some notes and some sectional formulas. 
sooo if anyone interested to be my partner, let me know :)

division of labor, and if we can present the theory, we can also divide copyrights etc.","&lt;!-- SC_OFF --&gt;&lt;div class=""md""&gt;&lt;p&gt;i’ve some theories which i currently am working on. they’re about astro-physics and quantum mechanics.
i want to implement my projects, but i don’t have enough knowledge for it, or to explain (to present). im writing the practical parts directly on the way of theoretical. they all are just some notes and some sectional formulas. 
sooo if anyone interested to be my partner, let me know :)&lt;/p&gt;

&lt;p&gt;division of labor, and if we can present the theory, we can also divide copyrights etc.&lt;/p&gt;
&lt;/div&gt;&lt;!-- SC_ON --&gt;",True,False,False,AskPhysics,t5_2sumo,r/AskPhysics,607255,public,,,looking for partner,,0,[],0,0.31,https://www.reddit.com/r/AskPhysics/comments/1cdlxli/looking_for_partner/,[],,False,all_ads,6,t3
data_1,[],False,,,False,Scarlet_Evans,,,[],,,,text,t2_v1s9e,False,False,False,[],,,False,False,,False,,False,1714076259.0,1714076259.0,,,self.AskPhysics,0,False,0,{},False,False,1cd1hxh,False,True,False,False,False,True,True,False,,,,[],,dark,text,False,,{},False,,,,[],t3_1cd1hxh,False,6,0,,False,all_ads,/r/AskPhysics/comments/1cd1hxh/assuming_that_the_universes_expansion_speeds_up/,False,6,False,,,,,False,5,,{},"There are many places over the internet, like for example [this one](https://bigthink.com/starts-with-a-bang/universes-galaxies-unreachable/), that says about current ""limit"" of what is reachable being about 18 billion lightyears away.

However, does it account for acceleration of the expansion? Or it treats it as something almost constant?

-----

What I really ask about it: for now, the boundary is about 18 billion lightyears, but if expansion speeds up, then what will be the limit in a million years? 10 million years? What about a 1 billion years? 10 billion years? 1 trillion years?

Do we have some estimates or simplified formulas that one could use for mental exercises during commuting to his work? :-)","&lt;!-- SC_OFF --&gt;&lt;div class=""md""&gt;&lt;p&gt;There are many places over the internet, like for example &lt;a href=""https://bigthink.com/starts-with-a-bang/universes-galaxies-unreachable/""&gt;this one&lt;/a&gt;, that says about current &amp;quot;limit&amp;quot; of what is reachable being about 18 billion lightyears away.&lt;/p&gt;

&lt;p&gt;However, does it account for acceleration of the expansion? Or it treats it as something almost constant?&lt;/p&gt;

&lt;hr/&gt;

&lt;p&gt;What I really ask about it: for now, the boundary is about 18 billion lightyears, but if expansion speeds up, then what will be the limit in a million years? 10 million years? What about a 1 billion years? 10 billion years? 1 trillion years?&lt;/p&gt;

&lt;p&gt;Do we have some estimates or simplified formulas that one could use for mental exercises during commuting to his work? :-)&lt;/p&gt;
&lt;/div&gt;&lt;!-- SC_ON --&gt;",True,False,False,AskPhysics,t5_2sumo,r/AskPhysics,607255,public,,,"Assuming that the Universe's expansion speeds up, do we have some simple formula for approximately estimating what distance in the universe is or will be unreachable after certain time?",,0,[],5,0.86,https://www.reddit.com/r/AskPhysics/comments/1cd1hxh/assuming_that_the_universes_expansion_speeds_up/,[],,False,all_ads,6,t3
